{
  "sig": "+FQBnfGQMNxzwW85WjpSKfOYoEKqzTChhJ+h2WYEx9C8Zt5THdKvHLd3IkPO/usubboFG/0Wcvb8C5Ps1h+IBQ==",
  "txn": {
    "amt": 1000,
    "close": "IDUTJEUIEVSMXTU4LGTJWZ2UE2E6TIODUKU6UW3FU3UKIQQ77RLUBBBFLA",
    "fee": 1176,
    "fv": 12466,
    "gen": "devnet-v33.0",
    "gh": "JgsgCaCTqIaLeVhyL6XlRu3n7Rfk2FxMeK+wRSaQ7dI=",
    "lv": 13466,
    "note": "6gAVR0Nsv5Y=",
    "rcv": "PNWOET7LLOWMBMLE4KOCELCX6X3D3Q4H2Q4QJASYIEOF7YIPPQBG3YQ5YI",
    "snd": "47YPQTIGQEO7T4Y4RWDYWEKV6RTR2UNBQXBABEEGM72ESWDQNCQ52OPASU",
    "type": "pay"
  }
}

